15639909,Karavshin Valley,Valleys,Valleys,Batken ,Batken,Batken,,,,,,
24990462,Batken Central Mosque,Religious Sites,Religious Sites,Batken ,Batken,Batken,"Batken, Batken 715100 Kyrgyzstan",,,,,
24990464,Mechet,Religious Sites,Religious Sites,Batken ,Batken,Batken,"Batken, Batken 715100 Kyrgyzstan",,,,,
735790,Ala-Archa Gorge,National ParksGeologic Formations,National Parks Geologic Formations,Chui,Chui,Bishkek,,http://ala-archa.kg/,9.97E+11,info@ala-archa.kg,,
611200,Osh Bazaar,Flea & Street Markets,Flea & Street Markets,Chui,Chui,Bishkek,,http://www.facebook.com/Kyrgyzguides/,9.97E+11,,42.870679,74.59064
3665606,Panfilov Park,Parks,Parks,Chui,Chui,Bishkek,"368 Frunze Street, Bishkek 720000 Kyrgyzstan",https://www.facebook.com/park.panfilova/,9.96E+11,,42.867355,74.592627
459876,State History Museum,History Museums,History Museums,Chui,Chui,Bishkek,"Ala-Too Square, Bishkek 720000 Kyrgyzstan",,9.96E+11,,42.867355,74.592627
7396665,Ala-Too Square,Historic Sites,Historic Sites,Chui,Chui,Bishkek,,,,,42.867355,74.592627
459878,Mikhail Frunze Museum,Military Museums,Military Museums,Chui,Chui,Bishkek,"364, Frunze Str., Bishkek 720000 Kyrgyzstan",http://domfrunze.kg/,227700,,42.867355,74.592627
6726558,Spa Center Afrodita and Apollo,Spas,Spas,Chui,Chui,Bishkek,"Zhukeyeva-Pudovkina St., 41/Skryabina, Bishkek 720000 Kyrgyzstan",http://baytur.kg/,9.97E+11,pr@baytur.kg,42.850913,74.59484
8761397,Monument to Manas the Great,Historic SitesPoints of Interest & Landmarks,Historic Sites Points of Interest & Landmarks Monuments & Statues,Chui,Chui,Bishkek,,http://daniyarov.kg/,9.97E+11,assele@gmail.com,42.867355,74.592627
3710581,Dordoi Bazaar,Flea & Street Markets,Flea & Street Markets,Chui,Chui,Bishkek,,http://www.dordoi.net/,9.99E+11,,42.906078,74.60261
459877,Museum of Fine Arts,Art Museums,Art Museums,Chui,Chui,Bishkek,"196, Sovietskaya Str., Bishkek 720000 Kyrgyzstan",http://knmii.kg/,266867,,42.867355,74.592627
7790854,Monument to Those Who Died For Freedom,Monuments & Statues,Monuments & Statues,Chui,Chui,Bishkek,"Crossing of Chui Avenue and Panfilova St., Bishkek 720000 Kyrgyzstan",,,,42.867355,74.592627
10021245,Issyk-Ata Gorge,Hiking Trails,Hiking Trails,Chui,Chui,Bishkek,,,,,,
10206030,Konorchek Canyons,MountainsNature & Wildlife Areas,Mountains Nature & Wildlife Areas Canyons,Chui,Chui,Bishkek,,http://www.facebook.com/Pegasadventure/,9.96E+11,,,
8411429,Bishkek Park,Shopping Malls,Shopping Malls,Chui,Chui,Bishkek,"Kiyevskaya St., 148, Bishkek 720000 Kyrgyzstan",http://bishkekpark.kg/,9.96E+11,,42.867355,74.592627
10758340,Victory Square,Points of Interest & Landmarks,Points of Interest & Landmarks,Chui,Chui,Bishkek,,,,,42.867355,74.594163
10021159,Alamedin Gorge,MountainsNature & Wildlife Areas,Mountains Nature & Wildlife Areas Geologic Formations,Chui,Chui,Bishkek,,,,,,
8090038,Flagstaff With Country Flag,Points of Interest & LandmarksLookouts,Points of Interest & Landmarks Lookouts,Chui,Chui,Bishkek,"Ala-Too Square, Bishkek, Kyrgyzstan Boz-Boltok Mountain, Bishkek 720000 Kyrgyzstan",,,,42.867355,74.592627
7790830,Monument to Baatyr Kaba Uulu Kozhomkul,Monuments & Statues,Monuments & Statues,Chui,Chui,Bishkek,"Togolok Moldo St., Bishkek 720000 Kyrgyzstan",http://www.tuk.kg/index.php,9.96E+11,,42.867355,74.592627
8761392,Monument to Chingiz Aitmatov,Points of Interest & LandmarksMonuments & Statues,Points of Interest & Landmarks Monuments & Statues,Chui,Chui,Bishkek,,,,,42.867355,74.592627
8323655,Ski Complex Chunkurchak,Ski & Snowboard Areas,Ski & Snowboard Areas,Chui,Chui,Bishkek,"Tract Chunkurchak, Bishkek 720000 Kyrgyzstan",http://chunkurchak.kg/,9.97E+11,info@chunkurchak.kg,,
10021148,Chunkurchak Gorge,Hiking Trails,Hiking Trails,Chui,Chui,Bishkek,,,,,,
8059938,Holy Resurrection Cathedral,Churches & Cathedrals,Churches & Cathedrals,Chui,Chui,Bishkek,"Zhibek-Zholu Avenue, 497, Bishkek 720000 Kyrgyzstan",http://www.eparchia.kg/blagochiniya/1,9.96E+11,,,
9798292,Bishkek-City,Shopping Malls,Shopping Malls,Bish+E27:F50kek,Bishkek,Bishkek,"Suyumbayeva, 142/2, Bishkek 720000 Kyrgyzstan",http://nomadsland.ch/,9.97E+11,,42.870679,74.598728
5999967,Central Mosque,Points of Interest & Landmarks,Points of Interest & Landmarks,Chui,Chui,Bishkek,,,,,,
4942172,Erkindik Statue,Points of Interest & LandmarksMonuments & Statues,Points of Interest & Landmarks Monuments & Statues,Chui,Chui,Bishkek,"Ala-Too Square, Bishkek 720000 Kyrgyzstan",,,,42.870679,74.592627
6478895,Kashka-Suu Ski Resort,Ski & Snowboard Areas,Ski & Snowboard Areas,Chui,Chui,Bishkek,,http://www.kashka-suu.kg/,9.97E+11,,,
13428134,Ski resort Too-Ashuu,Ski & Snowboard Areas,Ski & Snowboard Areas,Chui,Chui,Bishkek,"Zhukeeva-Pudovkina St., 41, Bishkek 720005 Kyrgyzstan",http://www.baytur.kg/,9.97E+11,booking@baytur.kg,,
12529324,Oak Park,Parks,Parks,Chui,Chui,Bishkek,"Pushkin St., Bishkek 720000 Kyrgyzstan",,,,42.870679,74.592627
10324965,Boom Gorge,MountainsValleys,Mountains Valleys,Chui,Chui,Bishkek,,,,,,
9560733,Tsum Center,Shopping Malls,Shopping Malls,Chui,Chui,Bishkek,"155 Chuy Ave, Bishkek 720000 Kyrgyzstan",http://tsum.kg/,9.97E+11,tsum2@tsum.kg,42.870679,74.592627
11797255,Sport Complex T-CLUB,Sports Complexes,Sports Complexes,Chui,chui,Bishkek,"Toktogula St., 75, Bishkek 720000 Kyrgyzstan",http://t-club.business.site/,9.97E+11,tclub.kg@gmail.com,42.870679,74.592627
13094364,Asia Mall,Shopping Malls,Shopping Malls,Chui,chui,Bishkek,"3 Manas Ave, Bishkek 720000 Kyrgyzstan",http://www.asiamall.kg/,,,42.866735,74.592627
6474885,Tower with Chimes,Points of Interest & LandmarksObservation Decks & Towers,Points of Interest & Landmarks Observation Decks & Towers,Chui,chui,Bishkek,"Chui ave and Abdrakhmanova st building KyrgyzTelecom, Bishkek 720000 Kyrgyzstan",http://www.kt.kg/news/?ELEMENT_ID=1663,,,42.870679,74.592487
459882,Museum of Graphic Arts /Tinibek Sadykov,Art Museums,Art Museums,Chui,Chui,Bishkek,,,,,,
459880,Zoological Museum,Speciality Museums,Speciality Museums,Chui,Chui,Bishkek,"78, Pushkin Str., Bishkek 720000 Kyrgyzstan",http://www.zm.kg/,9.96E+11,,,
21008109,Banya Baytur,Spas,Spas,Chui,chui,Bishkek,"Zhukeyeva Pudovkina St., 41, Bishkek 720000 Kyrgyzstan",http://www.baytur.kg/,9.96E+11,info@baytur.kg,42.861373,74.59484
459860,Manas Museum,Speciality Museums,Speciality Museums,Chui,Chui,Bishkek,"Talas, Bishkek 720000 Kyrgyzstan",,,,,
10112269,Too-Ashu Pass,Scenic Drives,Scenic Drives,chui,Chui,Bishkek,"Bishkek-Osh Highway, Bishkek 720000 Kyrgyzstan",,,,,
10112272,Ak-Sai Glacier,MountainsNature & Wildlife Areas,Mountains Nature & Wildlife Areas Valleys,Chui,chui,Bishkek,,,,,,
13202367,Aichurek Mall Fountains,Fountains,Fountains,Chui,Chui,Bishkek,"Chui Ave., 155, Bishkek 720000 Kyrgyzstan",,,,42.870679,74.592627
15056456,Kurmanzhan Datka Statue,Points of Interest & LandmarksMonuments & Statues,Points of Interest & Landmarks Monuments & Statues,Chui,chui,Bishkek,"Pushkin St. Dubovy Park, Bishkek 720000 Kyrgyzstan",,,,,
13417622,Vladimir Lenin Statue,Monuments & Statues,Monuments & Statues,Chui,Chui,Bishkek,"Abdumomunov Street Behind the State History Museum, Bishkek 720000 Kyrgyzstan",,,,42.870679,74.592627
459879,Aaly Tokombaev House Museum,Speciality Museums,Speciality Museums,Chui,Chui,Bishkek,"109, Chuykov Str., Bishkek 720000 Kyrgyzstan",,664756,,,
9798267,Ataturk Park,National Parks,National Parks,Chui,Chui,Bishkek,"Shakirova, 31A, Bishkek 720000 Kyrgyzstan",,,,42.850913,74.59484
10021099,Sokuluk Gorge,MountainsNature & Wildlife Areas,Mountains Nature & Wildlife Areas Geologic Formations,Chui,Chui,Bishkek,,http://www.tuk.kg/index.php,9.96E+11,,,
459881,Geological Museum and Mineralogical Museum,Science Museums,Science Museums,Chui,Chui,Bishkek,"1, Erkindik Prospect, Bishkek 720000 Kyrgyzstan",,,,,
459884,Toktogul Literary Museum,Speciality Museums,Speciality Museums,Chui,chui,Bishkek,"109, Kievskaya Str., Bishkek 720000 Kyrgyzstan",,227693,,,
10084861,Korona Peak,MountainsNational Parks,Mountains National Parks Forests Geologic Formations Valleys,chui,Chui,Bishkek,,http://www.tuk.kg/index.php,9.96E+11,,,
14018184,Asanbay Center,Civic Centres,Civic Centres,Chui,chui,Bishkek,"Tokombayeva St., 21?, Bishkek 720000 Kyrgyzstan",https://www.facebook.com/AsanbayCenter/,9.97E+11,asanbayart@gmail.com,42.842936,74.61703
9798261,Church of the Holy Prince Vladimir,Religious SitesChurches & Cathedrals,Religious Sites Churches & Cathedrals,chui,Chui,Bishkek,"Tokombayeva, 52A/3, Bishkek 720000 Kyrgyzstan",,9.96E+11,,42.842936,74.60581
10021126,Bir-Bulak Gorge,MountainsHiking Trails,Mountains Hiking Trails,chui,Chui,Bishkek,"20 km from Bishkek, Bishkek 720000 Kyrgyzstan",http://www.tuk.kg/index.php,9.96E+11,,,
9798291,Exhibition Hall of Union of Artists,Art Galleries,Art Galleries,Chui,Chui,Bishkek,"Pushkina, 78, Bishkek 720000 Kyrgyzstan",,9.96E+11,,42.870679,74.592627
15056855,Borborduk Mosque,Points of Interest & LandmarksReligious Sites,Points of Interest & Landmarks Religious Sites,Chui,Chui,Bishkek,"Semashko St., Bishkek 720000 Kyrgyzstan",,,,,
6781770,State National Academic Drama Theater,Theaters,Theaters,Chui,Chui,Bishkek,"273, Panfilov st., Bishkek 720000 Kyrgyzstan",http://www.operaballet.lg.kg/,66-58-02,,,
7166257,Mystic Spa,Spas,Spas,Chui,Chui,Bishkek,"Pr. Chui Ave, 219 Crossing Toglokmoldo, Bishkek 720000 Kyrgyzstan",http://mysticspa.kg/,9.97E+11,mystic.spasalon@gmail.com,42.870679,74.592627
459883,Archaeological Museum,History Museums,History Museums,Chui,Chui,Bishkek,"265-a, Chuisky Prospect, Bishkek 720000 Kyrgyzstan",,,,,
10758360,Spartak Stadium,Arenas & Stadiums,Arenas & Stadiums,Chui,Chui,Bishkek,"Togolok Moldo St., 17, Bishkek 720000 Kyrgyzstan",,9.96E+11,,,
,E. Gareyev Botanical Garden,Gardens,Gardens,Chui,Chui,Bishkek,"Maksima Gorkogo, 212, Bishkek 720000 Kyrgyzstan",http://www.facebook.com/bishkekbotsad/,9.96E+11,gareev100@mail.ru,42.868602,74.592627
9798299,Kyrgyz National Museum of Fine Arts,Art Museums,Art Museums,Chui,Chui,Bishkek,"Abdrakhmanova, 196, Bishkek 720000 Kyrgyzstan",https://www.facebook.com/knmiiNationalmuseum/,9.96E+11,,42.870679,74.592627
12272464,Smile,Sports Complexes,Sports Complexes,Chui,Chui,Bishkek,"Maksim Gorkiy St., 1v/1, Bishkek 720000 Kyrgyzstan",http://www.facebook.com/sk.smile.kg/,9.97E+11,sk.smile.kg@gmail.com,,
8411431,Dordoi-Plaza,Shopping Malls,Shopping Malls,Chui,Chui,Bishkek,"Ibraimova St., 115, Bishkek 720000 Kyrgyzstan",,9.96E+11,,,
9798301,Madina,Shopping Malls,Shopping Malls,Chui,Chui,Bishkek,"Chui Ave., 4B, Bishkek 720000 Kyrgyzstan",http://www.madina.kg/,9.96E+11,,42.870679,74.614575
8818732,Mall Tashrabat,Shopping Malls,Shopping Malls,Chui,Chui,Bishkek,"Gorkogo St., 1G, Bishkek 720000 Kyrgyzstan",https://www.facebook.com/tashrabat.kg/,9.96E+11,tashrabattrk@gmail.com,42.870679,74.60704
9798300,Park Im. I. Panfilova,National Parks,National Parks,Chui,Chui,Bishkek,"Frunze, 370, Bishkek 720000 Kyrgyzstan",,9.96E+11,,42.870679,74.60536
9798268,Vefa,Shopping Malls,Shopping Malls,Chui,Chui,Bishkek,"Gorkogo St., 27/1 Lane of the Baitik Baatyra St., Bishkek 720000 Kyrgyzstan",http://www.vefacenter.kg/,9.97E+11,vefacenter@mail.ru,42.870679,74.60536
9798293,Gym-N-Roll,Sports Complexes,Sports Complexes,Chui,Chui,Bishkek,"Kurmanzhan Datka, 59, Bishkek 720000 Kyrgyzstan",http://gymnroll.kg/,9.96E+11,,42.870679,74.6232
9798273,Kalipso,Water Parks,Water Parks,Chui,Chui,Bishkek,"Mira Ave., 299, Bishkek 720000 Kyrgyzstan",,9.96E+11,,42.84398,74.592718
10077712,Flea Market,Flea & Street Markets,Flea & Street Markets,Chui,Chui,Bishkek,"Yunusaliev St. 7 - Microdistrict, Bishkek 720000 Kyrgyzstan",http://www.tuk.kg/index.php,9.96E+11,,,
8124671,Tunguch Mosque,Religious SitesChurches & Cathedrals,Religious Sites Churches & Cathedrals,Chui,Chui,Bishkek,"Gorkogo St., Bishkek 720000 Kyrgyzstan",,,,,
9798277,Grand Stone,Shopping Malls,Shopping Malls,Chui,Chui,Bishkek,"Matrosova, 6, Bishkek 720000 Kyrgyzstan",http://grandstone.kg/,9.96E+11,,42.870679,74.60704
9798297,Galeria M,Art Galleries,Art Galleries,Chui,Chui,Bishkek,"Manasa Ave., 40, Bishkek 720000 Kyrgyzstan",,9.96E+11,,42.870679,74.592627
9798288,Detskiy Mir,Shopping Malls,Shopping Malls,Chui,Chui,Bishkek,"Chui Ave., 147/4, Bishkek 720000 Kyrgyzstan",,9.96E+11,info@detmir.kg,42.870679,74.594163
9798543,Central City Mosque,Religious Sites,Religious Sites,Chui,Chui,Bishkek,"Gogolya, Bishkek 720000 Kyrgyzstan",,9.96E+11,,,
9798308,Tabylga,Shopping Malls,Shopping Malls,Chui,Chui,Bishkek,"Zhibek-Zholu Ave., 150, Bishkek 720000 Kyrgyzstan",,9.96E+11,,42.876129,74.614575
15057029,Makhmud Kashkari Mosque,Points of Interest & LandmarksReligious Sites,Points of Interest & Landmarks Religious Sites,Chui,Chui,Bishkek,"Osmonkul St., Bishkek 720000 Kyrgyzstan",,,,,
9798257,Flamingo,National Parks,National Parks,Chui,Chui,Bishkek,"Mira Ave., 303, Bishkek 720000 Kyrgyzstan",,9.96E+11,,42.84111,74.579152
9798258,Zhashtyk,Arenas & Stadiums,Arenas & Stadiums,Chui,Chui,Bishkek,"Maldybayeva, 1, Bishkek 720000 Kyrgyzstan",,9.96E+11,,42.84398,74.59484
10021223,Takyr-Tor Gorge,Geologic Formations,Geologic Formations,Chui,Chui,Bishkek,,,,,,
9798282,Chelsea,Arenas & Stadiums,Arenas & Stadiums,Chui,Chui,Bishkek,"Timiryazeva, 245A, Bishkek 720000 Kyrgyzstan",,9.97E+11,,42.870679,74.592627
10206017,Shamsi Gorge,MountainsCanyons,Mountains Canyons Geologic Formations,Chui,Chui,Bishkek,,,,,,
9798279,Katok City,Sports Complexes,Sports Complexes,Chui,chui,Bishkek,"Vinogradnaya, 1/3, Bishkek 720000 Kyrgyzstan",http://katok.kg/,9.96E+11,,42.859714,74.629325
3665610,Fuchik Park,Parks,Parks,Chui,chui,Bishkek,"1 Fuchik Street, Bishkek 720000 Kyrgyzstan",,,,42.870679,74.59064
9798278,Lokomotiv,Sports Complexes,Sports Complexes,Chui,chui,Bishkek,"Osmonova, 1, Bishkek 720000 Kyrgyzstan",,9.96E+11,,42.864556,74.55846
9798306,Home Sports Arena,Arenas & Stadiums,Arenas & Stadiums,Chui,Chui,Bishkek,"Togoloka Moldo, 17, Bishkek 720000 Kyrgyzstan",,9.96E+11,,42.870679,74.592627
9798307,Taatan,Shopping Malls,Shopping Malls,Chui,Chui,Bishkek,"Lermontova, 35, Bishkek 720000 Kyrgyzstan",,9.96E+11,,42.873704,74.63257
9798262,Zateryanny Mir,Zoos,Zoos,Chui,chui,Bishkek,"Tokombayeva, 21/4, Bishkek 720000 Kyrgyzstan",,9.96E+11,,42.842936,74.61703
9798311,Bakhodyrkhon-Toro Uulu Musakhon-Toro Mosque,Religious Sites,Religious Sites,Chui,Chui,Bishkek,"Kurenkeyeva, 137, Bishkek 720000 Kyrgyzstan",,,,42.870679,74.592627
15056787,Manas Statue,Points of Interest & LandmarksMonuments & Statues,Points of Interest & Landmarks Monuments & Statues,Chui,Chui,Bishkek,"Chuy Ave., Bishkek 720000 Kyrgyzstan",,,,,
15057330,Victory Park,Parks,Parks,Chui,chui,Bishkek,"Baitik Baatyr St., Bishkek 720000 Kyrgyzstan",,,,42.844247,74.59484
9798264,Asanbai,Arenas & Stadiums,Arenas & Stadiums,Chui,Chui,Bishkek,"Asanbai Microrayon, 43/1, Bishkek 720000 Kyrgyzstan",,9.97E+11,,42.835961,74.63145
9820700,"""Taberik"" Children?s Musical Theatre",Theaters,Theaters,Chui,chui,Bishkek,"Shakirova St., 17, Bishkek 720000 Kyrgyzstan",http://taberik.org/,9.96E+11,,42.844247,74.59484
9798287,Kyrgyz State Museum of Literature and Art,Art Galleries,Art Galleries,Chui,Chui,Bishkek,"Toktogula, 109, Bishkek 720000 Kyrgyzstan",,9.96E+11,,42.870679,74.592627
9798284,Ice Park,Sports Complexes,Sports Complexes,Chui,Chui,Bishkek,"Kiyevskaya, 148, Bishkek 720000 Kyrgyzstan",,,,42.870679,74.592627
9798283,Akun,Arenas & Stadiums,Arenas & Stadiums,Chui,Chui,Bishkek,"Den Syaopina Ave., 308, Bishkek 720000 Kyrgyzstan",,9.97E+11,,42.873399,74.535655
9798274,El Clasico,Arenas & Stadiums,Arenas & Stadiums,Chui,Chui,Bishkek,"Geologicheskiy Lane, 3/1, Bishkek 720000 Kyrgyzstan",,9.97E+11,,42.870679,74.60536
9798322,Bereket Grand,Shopping Malls,Shopping Malls,Chui,Chui,Bishkek,"Chui Ave., 204, Bishkek 720000 Kyrgyzstan",http://bereket.kg/,,,42.870679,74.59064
9798265,Dk,Shopping Malls,Shopping Malls,Chui,chui,Bishkek,"Zhetikashkayevoi, 29, Bishkek 720000 Kyrgyzstan",,9.96E+11,delemplus@mail.ru,42.835961,74.626103
10024282,The Rescue Mountain Tashtar-Ata,MountainsNature & Wildlife Areas,Mountains Nature & Wildlife Areas Geologic Formations,Chui,Chui,Bishkek,,http://www.tuk.kg/index.php,9.96E+11,,,
25063001,Teplo Bar,Bars & Clubs,Bars & Clubs,Chui,chui,Bishkek,"Toktogula 75/1, Bishkek 720000 Kyrgyzstan",https://www.facebook.com/teplobarkg/,9.97E+11,teplobarkg@gmail.com,42.870679,74.592627
9798310,Caravan,Shopping Malls,Shopping Malls,Chui,Chui,Bishkek,"Kiyevskaya, 128, Bishkek 720000 Kyrgyzstan",,9.96E+11,,42.870679,74.592627
15056734,Stella of Friendship of Nation,Points of Interest & LandmarksMonuments & Statues,Points of Interest & Landmarks Monuments & Statues,Chui,Chui,Bishkek,"Panfilov St., Bishkek 720000 Kyrgyzstan",,,,,
9798256,Detskiy Dosug,National Parks,National Parks,Chui,Chui,Bishkek,"Tokombayeva, 21/11, Bishkek 720000 Kyrgyzstan",,,tikoow@mail.ru,42.842936,74.61703
13165355,Ak Emir Bazaar,Farmers Markets,Farmers Markets,Chui,Chui,Bishkek,"Shopokov Street, Bishkek 720000 Kyrgyzstan",,9.96E+11,,,
9798294,Moto,Shopping Malls,Shopping Malls,Chui,Chui,Bishkek,"Abdrakhmanova, 170V, Bishkek 720000 Kyrgyzstan",,9.96E+11,,42.870679,74.592627
15056435,Zero Kilometer,Points of Interest & Landmarks,Points of Interest & Landmarks,Chui,Chui,Bishkek,,,,,,
9798286,Izumrud,Shopping Malls,Shopping Malls,Chui,Chui,Bishkek,"Chui Ave., 34/3, Bishkek 720000 Kyrgyzstan",,9.96E+11,,42.870679,74.614575
15056949,Alley of Heroes of World War II,Points of Interest & Landmarks,Points of Interest & Landmarks,Chui,Chui,Bishkek,,,,,,
9798312,Yiman Mosque,Religious Sites,Religious Sites,Chui,Chui,Bishkek,"Makhatmy Gandi Blvd, 175A, Bishkek 720000 Kyrgyzstan",,,,42.878544,74.592627
9798305,Kazakstan,Arenas & Stadiums,Arenas & Stadiums,Chui,Chui,Bishkek,"Zhibek-Zholu Ave., 601, Bishkek 720000 Kyrgyzstan",,9.97E+11,,42.879232,74.59064
15057809,The Mahatma Gandhi Memorial Complex,Points of Interest & LandmarksMonuments & Statues,Points of Interest & Landmarks Monuments & Statues,Chui,Chui,Bishkek,"Mahatma Gandhi St., Bishkek 720000 Kyrgyzstan",,,,,
17651089,GUM Chynar Mall,Shopping Malls,Shopping Malls,Chui,Chui,Bishkek,"Chui ave., 92, Bishkek 720000 Kyrgyzstan",http://tashbolot.kg/gum/,9.97E+11,gum@tashbolot.kg,,
9798303,Dordoimarket,Shopping Malls,Shopping Malls,Chui,Chui,Bishkek,"Yuliusa Fuchika, 3, Bishkek 720000 Kyrgyzstan",,9.96E+11,,42.876129,74.59159
9798285,Vesna,Shopping Malls,Shopping Malls,Chui,Chui,Bishkek,"Kalyka Akiyeva, 66, Bishkek 720000 Kyrgyzstan",,9.96E+11,,42.870679,74.592627
9798533,Bai Terek,Arenas & Stadiums,Arenas & Stadiums,Chui,Chui,Bishkek,"5-I Microrayon, Bishkek 720000 Kyrgyzstan",http://www.tuk.kg/index.php,9.97E+11,,,
15056512,Revolution Militants Square,Points of Interest & Landmarks,Points of Interest & Landmarks,Chui,Chui,Bishkek,"100 Chuy Ave., Bishkek 720000 Kyrgyzstan",,,,,
9798296,Red Centre,Shopping Malls,Shopping Malls,Chui,Chui,Bishkek,"Shopokova, 121/1, Bishkek 720000 Kyrgyzstan",http://www.red.kg/,9.96E+11,,42.870679,74.594163
9798263,Korzinka,Shopping Malls,Shopping Malls,Chui,Chui,Bishkek,"Tynaliyeva, 3/2, Bishkek 720000 Kyrgyzstan",,,,42.84398,74.59284
15056697,Monument to the Soldiers of Batken,Points of Interest & LandmarksMonuments & Statues,Points of Interest & Landmarks Monuments & Statues,Chui,Chui,Bishkek,"Yakov Logvinenko St., Bishkek 720000 Kyrgyzstan",,,,42.865697,74.59903
15057984,Monument to MiG-,Points of Interest & LandmarksMonuments & Statues,Points of Interest & Landmarks Monuments & Statues,Chui,Chui,Bishkek,"114 Kiyevskaya St., Bishkek 720000 Kyrgyzstan",,,,,
15198311,Togolok Moldo Park,Parks,Parks,Chui,Chui,Bishkek,"Koyonkozov St., Bishkek 720000 Kyrgyzstan",,,,,
15056957,Molodaya Gvardiya Monument,Points of Interest & LandmarksMonuments & Statues,Points of Interest & Landmarks Monuments & Statues,Chui,Chui,Bishkek,"Jash Gvardiya Blvd., Bishkek 720000 Kyrgyzstan",,,,,
9798270,Korgonbek Uulu Saiid Moldo Mosque,Religious Sites,Religious Sites,Chui,Chui,Bishkek,"Shabdan Baatyra, 21B, Bishkek 720000 Kyrgyzstan",,,,42.850693,74.60551
15347811,Lake GES-,Bodies of Water,Bodies of Water,Chui,Chui,Bishkek,"Cholpon-Atinskaya / Obyezdnaya St., Bishkek 720000 Kyrgyzstan",,9.97E+11,,,
15057234,Kubanychbek Malikov Monument,Points of Interest & LandmarksMonuments & Statues,Points of Interest & Landmarks Monuments & Statues,Chui,Chui,Bishkek,"Erkindik Ave., 7, Bishkek 720000 Kyrgyzstan",,,,,
15056967,Talgat Begeldinov Monument,Points of Interest & LandmarksMonuments & Statues,Points of Interest & Landmarks Monuments & Statues,Chui,Chui,Bishkek,"Intersection of Moscow street / Molodaya Gvardia avenue, Bishkek 720000 Kyrgyzstan",,,,,
8411418,COSMOPARK,Bowling AlleysMovie Theaters,Bowling Alleys Movie Theaters Game & Entertainment Centers,Chui,Chui,Bishkek,,http://www.cosmopark.kg/,9.96E+11,,,
13131313,Mini-Zoopark Zhivaya Ekzotika,Zoos,Zoos,Chui,Chui,Bishkek,"Chuy Ave., 92, Bishkek 720000 Kyrgyzstan",http://exolife.asia/,9.96E+11,exolife.asia@gmail.com,42.870679,74.592627
15056497,Monument to Suimenkul Chokmorov,Points of Interest & LandmarksMonuments & Statues,Points of Interest & Landmarks Monuments & Statues,Chui,Chui,Bishkek,"Intersection of Chui Avenue and Tynystanov Street, Bishkek 720000 Kyrgyzstan",,,,,
11621137,Shifu Massage,Spas,Spas,Chui,Chui,Bishkek,"Moskovskaya St., 154-25, Bishkek 720000 Kyrgyzstan",https://www.facebook.com/shifumassage/,9.97E+11,,42.867355,74.592627
9820709,"""Uchur"" State Youth Theatre",Theaters,Theaters,Chui,Chui,Bishkek,"Toktonaliyeva St., 6G, Bishkek 720000 Kyrgyzstan",,9.96E+11,,42.847241,74.592627
10403759,Tumar Art Salon,Speciality & Gift Shops,Speciality & Gift Shops,Chui,chui,Bishkek,"Isanov St., 80-2, Bishkek 720000 Kyrgyzstan",http://www.tumar.com/,9.96E+11,,,
9798541,Taalai,Shopping Malls,Shopping Malls,Chui,chui,Bishkek,"Chui Ave, Bishkek 720000 Kyrgyzstan",,9.96E+11,,,
9798275,Futbolistan,Arenas & Stadiums,Arenas & Stadiums,Chui,chui,Bishkek,"Maksima Gorkogo, 136/2, Bishkek 720000 Kyrgyzstan",,9.97E+11,,42.870679,74.592627
7745327,Maple Leaf Golf & Country Club,Golf Courses,Golf Courses,Chui,Chui,Bishkek,,http://mapleleaf.vacau.com/,9.97E+11,,42.831251,74.674912
9798313,Ikhlyas Mosque,Religious SitesChurches & Cathedrals,Religious Sites Churches & Cathedrals,Chui,Chui,Bishkek,"Samarskiy Lane, 10A, Bishkek 720000 Kyrgyzstan",,,,42.879232,74.592627
7825751,Kyrgyz National Opera and Ballet Theatre of Abdylas Maldybayev,Theatre & Performances,Theatre & Performances,Chui,chui,Bishkek,"Abdrakhmanova St., 167, Bishkek 720000 Kyrgyzstan",http://www.operaballet.lg.kg/,9.96E+11,,,
11823472,Territoriya Spa,Spas,Spas,Chui,Chui,Bishkek,"Moskovskaya St., 184, Bishkek 720000 Kyrgyzstan",http://www.spa.kg/,9.96E+11,,42.871441,74.687667
12128388,Siam Massage,Spas,Spas,Chui,Chui,Bishkek,"Toktogula St., 124/1, Bishkek 720000 Kyrgyzstan",http://www.siam.kg/,9.97E+11,info@siam.kg,42.870679,74.592627
9821221,Kyrgyz State Philharmonic Hall,Concerts,Concerts,Chui,chui,Bishkek,"Chui Ave., 251, Bishkek 720000 Kyrgyzstan",,9.96E+11,,42.870679,74.592627
6781767,Raritet BookStore,Speciality & Gift Shops,Speciality & Gift Shops,Chui,Chui,Bishkek,"Pushkin 78 Ala Too Square, Bishkek 720000 Kyrgyzstan",,,,,
12249112,DIVISION Shooting range,Shooting Ranges,Shooting Ranges,Chui,chui,Bishkek,"Kulatova Str. 9/1 crossing Ibraimova Str., Bishkek 720000 Kyrgyzstan",http://www.facebook.com/division.kg,9.97E+11,,,
12272461,Galaxy Family Park,PlaygroundsGame & Entertainment Centers,Playgrounds Game & Entertainment Centers,Chui,Chui,Bishkek,"Chui Ave., 147/4, Bishkek 720000 Kyrgyzstan",http://www.galaxypark.kg/,9.96E+11,,,
12245358,Saima,Speciality & Gift Shops,Speciality & Gift Shops,Chui,Chui,Bishkek,"Chui Ave., 140, Bishkek 720000 Kyrgyzstan",http://www.embroidery.com.kg/,9.97E+11,,42.870679,74.592627
12658159,Indi Massage,Spas,Spas,Chui,Chui,Bishkek,"Chui Ave., 158, Bishkek 720000 Kyrgyzstan",http://indi.com.kg/,9.97E+11,indimassage.kg@gmail.com,42.870679,74.592627
24133504,Bar KladOFFka,Bars & Clubs,Bars & Clubs,Chui,Chui,Bishkek,"Chui Ave., 187A, Bishkek 720000 Kyrgyzstan",http://instagram.com/kladoffka.bar?igshid=ymmymta2m2y=,9.97E+11,,42.870679,74.592627
15130358,Retro Metro Night Club,Bars & ClubsKaraoke Bars,Bars & Clubs Karaoke Bars Dance Clubs & Discos,Chui,Chui,Bishkek,"Aitmatova Ave., 24, Bishkek 720000 Kyrgyzstan",http://www.retro-metro.kg/,9.97E+11,retrometronk@gmail.com,42.866735,74.592627
12002392,Promzona Club,Bars & ClubsDance Clubs & Discos,Bars & Clubs Dance Clubs & Discos,Chui,chui,Bishkek,"Cholpon-Ata St., 16, Bishkek 720000 Kyrgyzstan",http://www.promzona.kg/,9.96E+11,,42.859841,74.630505
3965937,Life Style Spa,Spas,Spas,Chui,Chui,Bishkek,"35 Erkindin Boulevard, Bishkek 720000 Kyrgyzstan",,9.96E+11,,,
9798260,Kosmopark,Bowling Alleys,Bowling Alleys,Chui,chui,Bishkek,"Yunusaliyeva, 40A, Bishkek 720000 Kyrgyzstan",,9.96E+11,,42.842936,74.61461
7272741,Fresh Style,Spas,Spas,Chui,Chui,Bishkek,"Razzakova St., 22, Bishkek 720000 Kyrgyzstan",http://www.freshstyle.kg/,9.96E+11,,,
14780285,Green Mile,Game & Entertainment Centers,Game & Entertainment Centers,Chui,Chui,Bishkek,"Chokana Valikhanova, 2/1, Bishkek 720000 Kyrgyzstan",https://www.facebook.com/%D0%A1%D1%82%D1%80%D0%B0%D0%B9%D0%BA%D0%B1%D0%BE%D0%BB%D1%8C%D0%BD%D1%8B%D0%B9-%D0%BA%D0%BB%D1%83%D0%B1-Greenmile-393746864467653/?hc_ref=ART3uUL4HeKqEZr2iRgOGecSbp3G7XHjckzoLJe-587bA50RyPdlsQB69H3aslOCu8k&fref=n,9.97E+11,greenmile.airsoft@gmail.com,42.870757,74.630505
9798316,Rossiya,Movie Theaters,Movie Theaters,Chui,Chui,Bishkek,"Chui Ave., 213, Bishkek 720000 Kyrgyzstan",http://cinema.kg/,,info@cinema.kg,42.870679,74.592487
14210450,Oasis,Spas,Spas,Chui,Chui,Bishkek,"Chui Ave., 136, Bishkek 720000 Kyrgyzstan",http://www.oasis-massage.kg/,9.97E+11,massageoasis312@gmail.com,42.870679,74.592627
24142766,Transfer KG,Taxis & Shuttles,Taxis & Shuttles,Chui,Chui,Bishkek,"Leo Tolstoy, 19, Bishkek 720000 Kyrgyzstan",https://transfer-kg.ru/en,9.97E+11,info@transfer-kg.ru,,
9798272,Manas,Movie Theaters,Movie Theaters,Chui,Chui,Bishkek,"Mira Ave., 47, Bishkek 720000 Kyrgyzstan",http://www.manascinema.com/,,,42.870679,74.592627
611202,Central Asian Bookshop,Speciality & Gift Shops,Speciality & Gift Shops,Chui,Chui,Bishkek,"104 Chui Prospect, Bishkek 720000 Kyrgyzstan",,,,,
9820717,Airsoft Arena,Game & Entertainment Centers,Game & Entertainment Centers,Chui,Chui,Bishkek,"Lushhikhina St., 99V, Bishkek 720000 Kyrgyzstan",http://www.arena.kg/,9.97E+11,,42.864556,74.553005
8411411,Cinema Oktyabr,Movie Theaters,Movie Theaters,Chui,Chui,Bishkek,"Chui Avenue, 184, Bishkek 720000 Kyrgyzstan",,9.96E+11,,,
10911025,Children Scientific Complex,Children's MuseumsGame & Entertainment Centers,Children's Museums Game & Entertainment Centers,Chui,Chui,Bishkek,"Moskovskaya St., 163 V, Bishkek 720000 Kyrgyzstan",,9.97E+11,saikal@ukr.net,42.870679,74.592627
13428342,One Village One Product,Speciality & Gift Shops,Speciality & Gift Shops,Chui,Chui,Bishkek,"Toktogula, 140, Bishkek 720000 Kyrgyzstan",http://www.facebook.com/ovop.kg/,9.97E+11,davlenbaeva.olga@gmail.com,42.870679,74.592627
25044833,Soulist,Karaoke Bars,Karaoke Bars,Chui,Chui,Bishkek,"119 Jumabeka St. Opposite the Central Registry Office, Bishkek 720000 Kyrgyzstan",https://www.instagram.com/soulist_bishkek/,9.97E+11,,42.870679,74.592627
9798259,Kyrgyz Kinosu,Movie Theaters,Movie Theaters,Chui,Chui,Bishkek,"Akhunbayeva, 92V, Bishkek 720000 Kyrgyzstan",http://kyrgyzkinosu.kg/,9.96E+11,kyrgyzkinosu@mail.ru,42.854963,74.59527
17651164,Raritet,Speciality & Gift Shops,Speciality & Gift Shops,Chui,Chui,Bishkek,"Chuy Avenue, 271, Bishkek 720000 Kyrgyzstan",http://books.kg/,9.96E+11,rarityfirm@mail.ru,42.870679,74.592627
12640732,SAIMALUU TASH Art Gallery,Speciality & Gift ShopsArt Galleries,Speciality & Gift Shops Art Galleries,Chui,Chui,Bishkek,"Panfilova St., 136/33, Bishkek 720000 Kyrgyzstan",http://saimaluutash.kg/,9.97E+11,saimaluu.t@gmail.com,42.870679,74.592627
13431128,Bex,Bus ServicesTaxis & Shuttles,Bus Services Taxis & Shuttles,Chui,Chui,Bishkek,,http://www.bex.kg/,9.97E+11,order@bex.kg,42.844247,74.603785
9820722,Zolotoi Telenok,Bars & Clubs,Bars & Clubs,Chui,Chui,Bishkek,"Lva Tolstogo St., 7/3, Bishkek 720000 Kyrgyzstan",,,,42.870679,74.592627
25380986,Night Club Suzie Wong,Bars & Clubs,Bars & Clubs,Chui,Chui,Bishkek,"Tokombayeva, 21a/4, Bishkek 720060 Kyrgyzstan",https://www.instagram.com/suziewong.bishkek/,9.97E+11,,42.842936,74.61703
25349909,Norm Bar,Bars & Clubs,Bars & Clubs,Chui,Chui,Bishkek,,http://instagram.com/norm_bar_,9.97E+11,,42.870679,74.592627
12269121,Daairy,Speciality & Gift Shops,Speciality & Gift Shops,Chui,Chui,Bishkek,"Chui Ave., 114, Bishkek 720000 Kyrgyzstan",,9.96E+11,,42.870679,74.592627
11878392,ZIL Ski Base,Gear RentalsSki & Snowboard Areas,Gear Rentals Ski & Snowboard Areas,Chui,Chui,Bishkek,,,,,,
10112267,Fitness House,Health ClubsYoga & Pilates,Health Clubs Yoga & Pilates Lessons & Workshops,Chui,chui,Bishkek,"Baitik Baatyra St., 67/1, Bishkek 720000 Kyrgyzstan",https://www.facebook.com/Fitness-House-1668785406675794/,9.97E+11,,,
9798266,Arbat,Dance Clubs & Discos,Dance Clubs & Discos,Chui,chui ,Bishkek,"Yunusaliyeva, 93, Bishkek 720000 Kyrgyzstan",,9.96E+11,,42.850913,74.614305
13536598,Tuman,Bars & Clubs,Bars & Clubs,Chui,chui,Bishkek,"Abdurakhmanova St., 152 Mossovet, Dom Torgovli, Bishkek 720000 Kyrgyzstan",https://www.facebook.com/tuman.bar/,9.97E+11,,,
9821184,Plaza-Vostok,Game & Entertainment Centers,Game & Entertainment Centers,Chui,chui,Bishkek,"Chui Ave., 30A, Bishkek 720000 Kyrgyzstan",,,,42.870679,74.614575
12667688,Dilbar,Speciality & Gift Shops,Speciality & Gift Shops,Chui,chui,Bishkek,"Gorky St., 27/1, Bishkek 720000 Kyrgyzstan",http://www.dilbarstyle.com/,9.97E+11,ludmila78e@yandex.ru,,
13456285,Crystal,Health ClubsYoga & Pilates,Health Clubs Yoga & Pilates Spas,Chui,chui,Bishkek,"Lineynaya St., 67, Bishkek 720000 Kyrgyzstan",http://www.crystal.kg/,9.97E+11,Ira.crystal@mail.ru,42.870679,74.592627
12375425,Cook Story,Cooking Classes,Cooking Classes,c,chui,Bishkek,"Tokombayeva St., 53/2, Bishkek 720000 Kyrgyzstan",https://www.facebook.com/cookstory/,9.97E+11,,,
19896931,Chakra SPA,Spas,Spas,Chui,chui,Bishkek,"Elebayeva St., 60 Golden Dragon Hotel, Bishkek 720000 Kyrgyzstan",http://website--5049397282702365540161-massagespa.business.site/?fbclid=IwAR3ZJ6TwaB2Hn0OoQlql7comWfDHD0Gz1hbPPtIokHeB8f1L9HA1OiCAdEo,9.97E+11,,,
14210522,S Legkim Parom,Hammams & Turkish BathsSpas,Hammams & Turkish Baths Spas,Chui,chui,Bishkek,,http://slegkim-parom.kg/,9.97E+11,mail@slegkim-parom.kg,42.870679,74.594163
15042516,Enoteca,Wine Bars,Wine Bars,Chui,chui,Bishkek,"Moskovskaya, 197, Bishkek 720000 Kyrgyzstan",https://www.facebook.com/toscanatf/,9.97E+11,toscanatf@gmail.com,42.870679,74.592627
12871357,The Pirate Bay,Bars & Clubs,Bars & Clubs,Chui,chui,Bishkek,"Mira Ave., 90/92, Bishkek 720000 Kyrgyzstan",https://www.facebook.com/thepiratebaykg/,9.97E+11,,,
16746121,Family Spa Avenue,Spas,Spas,Chui,chui,Bishkek,"Chui ave., 158, Bishkek 720000 Kyrgyzstan",https://www.facebook.com/familyspaavenue/,9.97E+11,,,
17464720,Gergert Sport,Gear Rentals,Gear Rentals,Chui,chui,Bishkek,"Gorkogo, 182, Bishkek 720000 Kyrgyzstan",http://www.gergert.kg/,9.96E+11,info@gergert.kg,42.868602,74.5947
25294095,Archa Spa Center,Spas,Spas,Chui,chui,Bishkek,"Chyngyza Aitmatova Ave., 93, Bishkek 720000 Kyrgyzstan",https://www.instagram.com/archa_spa/,9.97E+11,,42.844247,74.594123
14199763,Nomads,Gear Rentals,Gear Rentals,Chui,chui,Bishkek,,http://nomads4x4.com/,9.97E+11,erkin@nomads4x4.com,42.870679,74.60536
19416209,Verba,Speciality & Gift Shops,Speciality & Gift Shops,Chui,chui,Bishkek,"Logvinenko, 26a, Bishkek 720000 Kyrgyzstan",,9.97E+11,,,
23017309,Ega Hall,Yoga & Pilates,Yoga & Pilates,Chui,chui,Bishkek,"Bokonbayeva, 103, Bishkek 720000 Kyrgyzstan",http://egahall.kg/,9.97E+11,egahall.kg@gmail.com,42.870679,74.592627
19397154,Quicktransfer,Taxis & Shuttles,Taxis & Shuttles,Chui,chui,Bishkek,,http://quicktransfer.com/,4.42E+11,info@quicktransfer.com,,
23528314,Content Park,Game & Entertainment Centers,Game & Entertainment Centers,Chui,chui,Bishkek,"Shopokova 91, Bishkek 720000 Kyrgyzstan",,9.97E+11,,42.870679,74.594163
23612245,Antikino The Story,Movie Theaters,Movie Theaters,Chui,chui,Bishkek,"Tynystanova St., 99 West side of the building 1st floor, Bishkek 720000 Kyrgyzstan",,9.97E+11,,42.86769,74.592627
20316882,Sequoia Rent Service,Gear Rentals,Gear Rentals,Chui,chui,Bishkek,"Sydykova, 250-38, Bishkek 720000 Kyrgyzstan",https://www.facebook.com/srsinkyrgyzstan/,9.97E+11,srs.autorent.kg@gmail.com,,
17746918,Arkan Tokoi,Zipline & Aerial Adventure Parks,Zipline & Aerial Adventure Parks,Chui,chui,Bishkek,,,,,,
15688322,Gergert Sport Outlet,Gear Rentals,Gear Rentals,Chui,chui,Bishkek,"Gorkogo, 119, Bishkek 720000 Kyrgyzstan",http://www.gergert.kg/,9.97E+11,gergertsportweb@gmail.com,42.868602,74.592627
17456292,Sommeliers,Speciality & Gift Shops,Speciality & Gift Shops,Chui,chui,Bishkek,"Erkindik blvd., 16, Bishkek 720000 Kyrgyzstan",,9.97E+11,sommeliers.kg@gmail.com,42.870679,74.592627
25551368,Sunny Bar,Bars & Clubs,Bars & Clubs,Chui,chui,Bishkek,"Razzakova str 26, Bishkek 720001 Kyrgyzstan",,9.97E+11,,42.870679,74.592627
24106384,Cycling Tours Kyrgyzstan,Biking Trails,Biking Trails,Chui,chui,Bishkek,"Jumabeka 29, Bishkek 720000 Kyrgyzstan",http://www.facebook.com/cyclingtourskyrgyzstan,9.97E+11,cyclingtourskyrgyzstan@gmail.com,42.870679,74.592627
24135486,Paragliding.kg,Parasailing & Paragliding,Parasailing & Paragliding,Chui,chui,Bishkek,,,,,,
24142782,KladOFFka,Bars & Clubs,Bars & Clubs,Chui,chui,Bishkek,"Chui, 187a, Bishkek 720000 Kyrgyzstan",https://www.instagram.com/kladoffka.bar/,,,42.870679,74.592627
22952079,Oasis Residence,Karaoke Bars,Karaoke Bars,Chui,chui,Bishkek,"Maldybayeva, 69/1, Bishkek 720000 Kyrgyzstan",https://www.instagram.com/oasis_residencekg/,9.97E+11,office@oasis-residence.com,42.844247,74.59484
22867338,Vintazh  Wine&Beer,Wine Bars,Wine Bars,Chui,chui,Bishkek,"Isanova, 100, Bishkek 720000 Kyrgyzstan",http://www.facebook.com/Vintage.wb.bishkek,9.97E+11,,42.870679,74.592627
23805620,Little Birds City Bar,Bars & Clubs,Bars & Clubs,Chui,chui,Bishkek,"Yunusaliyeva, 147, Bishkek 720000 Kyrgyzstan",https://www.instagram.com/bar_littlebirds/?hl=en,9.97E+11,,42.844247,74.614305
25210351,Ala-archa National Park,Mountains,Mountains,Chui,chui,Bishkek,"Kiev St, Bishkek 720000 Kyrgyzstan",https://kymyz.com/,9.97E+11,,42.878544,74.592627
17839788,Sport Shooting Complex,Shooting Ranges,Shooting Ranges,Chui,chui,Bishkek,"Valikhanova, 2/14, Bishkek 720000 Kyrgyzstan",,%28996%29999919919,ssf.kgz@gmail.com,,
25409275,Boho,Bars & Clubs,Bars & Clubs,Chui,chui,Bishkek,"Yunusalieva, 40 A Kosmopark, 3rd floor, Bishkek 720028 Kyrgyzstan",https://www.facebook.com/profile.php?id=100063667838920,9.97E+11,agent.reklamnyy@list.ru,42.84398,74.59484
23460834,Minibar,Bars & Clubs,Bars & Clubs,Chui,chui,Bishkek,"Chingiz Aitmatov, 56 Intersection of Aini, Bishkek 720000 Kyrgyzstan",http://www.instagram.com/minibar.bishkek/,9.97E+11,,42.84398,74.59484
23994694,Soulist,Karaoke Bars,Karaoke Bars,Chui,chui,Bishkek,"Zhumabeka St., 119 Crosses Abdrakhmanov, Bishkek 720000 Kyrgyzstan",http://www.instagram.com/soulist_bishkek/,9.97E+11,,42.867355,74.592627
23949888,Chabad Bishkek,Religious Sites,Religious Sites,Chui,chui,Bishkek,"193 Karpinskogo St., Bishkek 720000 Kyrgyzstan",,9.96E+11,jbishkek@gmail.com,42.867355,74.59064
24968334,Oxygen,Bars & Clubs,Bars & Clubs,Chui,chui,Bishkek,"1/4 Baitik Baatyr St., 8 Md., Bishkek 720000 Kyrgyzstan",https://www.instagram.com/o2loungebar/,9.97E+11,,42.842936,74.611045
25154035,L-Studio,Spas,Spas,Chui,chui,Bishkek,"210 Toktogul Street, Bishkek 720000 Kyrgyzstan",http://www.lstudio.kg/,9.97E+11,office@lstudio.kg,42.870679,74.592487
25256620,Quest Kapaghost,Escape Games,Escape Games,Chui,chui,Bishkek,"Oktyabrskaya Street, 250 Verhniy Tokoldosh, Bishkek 720000 Kyrgyzstan",https://instagram.com/kapaghost_kg?igshid=ymmymta2m2y=,9.97E+11,getecorporation@gmail.com,42.870679,74.59064
25410722,Boho Clubar?ars & ClubsDance Clubs & Discos,Bars & Clubs Dance Clubs & Discos,Chui,chui,Bishkek,"Yunusalieva, 40A, Bishkek 720028 Kyrgyzstan",https://www.facebook.com/people/BOHO/100063667838920/,9.97E+11,agent.reklamnyy@list.ru,42.867355,74.59064,
25416658,Everyday Saturday Bar,Bars & Clubs,Bars & Clubs,Chui,chui,Bishkek,"Kamchybeka Shakirova, 31, Bishkek 720020 Kyrgyzstan",https://www.instagram.com/everyday__saturday/,,,42.867355,74.59064
14779872,Kol-Tor Lake,Bodies of Water,Bodies of Water,Chuy Province,chui,Bishkek,,,,,,
10092267,Kegety Waterfall,Bodies of WaterMountains,Bodies of Water Mountains Nature & Wildlife Areas Waterfalls,Chuy Province,Chuy,Bishkek,,,,,,
10235109,Ratsek Cabin,MountainsNature & Wildlife Areas,Mountains Nature & Wildlife Areas,Chuy Province,Chuy,Bishkek,,,,,,
10021401,Zhashyl-Kel Lake,Bodies of WaterValleys,Bodies of Water Valleys,Chuy Province,Chuy,Bishkek,,,,,,
12698593,Gorge Kara Bulak,Geologic Formations,Geologic Formations,Chuy Province Arashan,Chuy,Bishkek,,,,,,
10021370,Chon-Kemin National Park,National Parks,National Parks,Chuy Province Kemin,Chuy,Bishkek,,,,,,
10516495,Kel-Kogur Lake,Bodies of Water,Bodies of Water,Chuy Province Kemin,Chuy,Bishkek,,,,,,
23636209,Kyrgyz Handmade,Speciality & Gift ShopsLessons & Workshops,Speciality & Gift Shops Lessons & Workshops,Chuy Province Kok Jar,Chuy,Bishkek,"18, Madieva Taryh Ordo Hall of Baibol Chaihana, Kok Jar 724316 Kyrgyzstan",http://handmade.kg/qr/,9.97E+11,info@handmade.kg,42.852249,74.61726
9820732,The Temple in Honour of Icon of "All the Afflicted",Religious Sites,Religious Sites,Chuy Province Novopokrovka,Chuy,Bishkek,,,9.96E+11,,42.869319,74.701322
25075499,Museum of the Great Emptiness,Art Museums,Art Museums,Chuy Province Orto Say,Chuy,Bishkek,"Ormokoyeva, 31, Orto Say 720000 Kyrgyzstan",http://greatemptiness.net/,9.96E+11,,,
9996566,Suusamyr Valley,MountainsNature & Wildlife Areas,Mountains Nature & Wildlife Areas Geologic Formations,Chuy Province Suusamyr,Chuy,Bishkek,,http://www.facebook.com/Pegasadventure/,9.97E+11,,,
15549071,Ata Beyit Memorial,Historic SitesMonuments & Statues,Historic Sites Monuments & Statues,Chuy Province Tash-Dobo,Chuy,Bishkek,,,,,,
4176350,Burana Tower,Historic SitesObservation Decks & Towers,Historic Sites Observation Decks & Towers,Chuy Province Tokmok,Chuy,Tokmok,"Don-Aryk, Tokmok 722201 Kyrgyzstan",,,,,
10330907,Kegety Gorge,MountainsNature & Wildlife Areas,Mountains Nature & Wildlife Areas Valleys,Chuy Province Tokmok,Chuy,Tokmok,,,,,,
8403671,Tokmok Mosque,Religious SitesChurches & Cathedrals,Religious Sites Churches & Cathedrals,Chuy Province Tokmok,Chuy,Tokmok,,,,,,
6652740,Jeti-Oguz Canyon (Seven Bulls Rocks),Canyons,Canyons,Issyk Kul Province,Issyk Kul ,Issyk-kul,,http://tourtapp.com/destinations/jeti-oguz-canyon/,9.97E+11,,,
8404243,Semenovskoye Canyon,MountainsCanyons,Mountains Canyons Geologic Formations,Issyk Kul Province,Issyk Kul ,Tosor,,http://www.tuk.kg/,9.96E+11,,,
10229094,Waterfall Devichi Kosy,Waterfalls,Waterfalls,Issyk Kul Province,Issyk Kul ,Barskoon,,,,,,
10229099,Roch Rzbitoye Serdtse,MountainsNature & Wildlife Areas,Mountains Nature & Wildlife Areas Geologic Formations,Issyk Kul Province,Issyk Kul ,Issyk-kul,,,,,,
10205985,Burial Mound Complex San-Tash,Points of Interest & LandmarksGeologic Formations,Points of Interest & Landmarks Geologic Formations,Issyk Kul Province,Issyk Kul ,Issyk-kul,,,,,,
10239399,Maiden Tears Waterfall,Waterfalls,Waterfalls,Issyk Kul Province,Issyk Kul ,Issyk-kul,,,,,,
10021270,Ak-Suu Gorge,MountainsHiking Trails,Mountains Hiking Trails,Issyk Kul Province Ak-Suu,Issyk Kul ,Altyn-Arashan,,http://www.ecotrek.kg/,9.97E+11,,,
10021294,Ak-Suu Hot Spring,SpasThermal Spas,Spas Thermal Spas,Issyk Kul Province Ak-Suu,Issyk Kul ,Altyn-Arashan,,,,,,
10064795,"Tuz-Kol, Dead Lake",Bodies of Water,Bodies of Water,Issyk Kul Province Balykchy,Issyk Kul ,Balykchy,,http://www.ecotrek.kg/,9.97E+11,,,
24060322,Asman,Sports Complexes,Sports Complexes,Issyk Kul Province Balykchy,Issyk Kul ,Balykchy,"Amanbayeva, 172, Balykchy 722300 Kyrgyzstan",https://www.instagram.com/_asman_balykchy_/,9.97E+11,asman.spa@gmail.com,42.458124,76.196118
4952511,Barskoon Waterfall,Points of Interest & LandmarksWaterfalls,Points of Interest & Landmarks Waterfalls,Issyk Kul Province Barskoon,Issyk Kul ,Barskoon,,,,,,
10224880,Barskoon Gorge,MountainsNature & Wildlife Areas,Mountains Nature & Wildlife Areas,Issyk Kul Province Barskoon,Issyk Kul ,Barskoon,,,,,,
10224889,Barskoon Plateau,Nature & Wildlife Areas,Nature & Wildlife Areas,Issyk Kul Province Barskoon,Issyk Kul ,Barskoon,,,,,,
10228930,Monument to Yuriy Gagarin,Monuments & Statues,Monuments & Statues,Issyk Kul Province Barskoon,Issyk Kul ,Barskoon,,,,,,
10324919,Ak-Shyyrak Ridge,MountainsNature & Wildlife Areas,Mountains Nature & Wildlife Areas,Issyk Kul Province Barskoon,Issyk Kul ,Barskoon,,,,,,
17353327,Ak Orgo Yurt Workshop,Paint & Pottery Studios,Paint & Pottery Studios,Issyk Kul Province Barskoon,Issyk Kul ,Barskoon,"97, Lenin street 97, ??????, Barskoon 722005 Kyrgyzstan",,9.97E+11,akorgo.kyrgyzstan@gmail.com,,
10024295,Teshik-Kul Lake,Bodies of Water,Bodies of Water,Issyk Kul Province Bokombayevskoye,Issyk Kul ,Bokombayevskoye,,,,,,
13582305,Destination South Shore,Visitor Centers,Visitor Centers,Issyk Kul Province Bokonbayevo,Issyk Kul ,Province-Bokonbayevo,"Mambetov Street, 37B Toichubekov Culture House, 2nd floor, Bokonbayevo 722300 Kyrgyzstan",http://southshorekg.com/contact/,9.97E+11,southshoreik@gmail.com,,
25418309,Kolfest ?nternational Music and Arts Festival,Music Festivals,Music Festivals,Issyk Kul Province Bokonbayevo,Issyk Kul ,Bokombaevo,,http://www.kolfest.com/,9.97E+11,kolfestkg@gmail.com,,
12662287,Ferris Wheel,Observation Decks & Towers,Observation Decks & Towers,Issyk Kul Province Bosteri,Issyk Kul ,Bosteri,,,,,,
5000141,Ruh Ordo Cultural Center,Civic Centres,Civic Centres,Issyk Kul Province Cholpon Ata,Issyk Kul ,Cholpon-Ata,"Sovetskaya St President Summer Residency - Sovmin, Cholpon Ata 722315 Kyrgyzstan",http://rukhordo.kg/,9.97E+11,ruhordo2007@gmail.com,42.64649,77.104517
4946285,Museum of Petroglyphs,Speciality Museums,Speciality Museums,Issyk Kul Province Cholpon Ata,Issyk Kul ,Cholpon-Ata,,http://www.kyrgyztours.com/,9.97E+11,,42.643233,77.095295
6429016,Historical Museum,Speciality Museums,Speciality Museums,Issyk Kul Province Cholpon Ata,Issyk Kul ,Cholpon-Ata,"A363 Cholpon Ata, Cholpon Ata 722315 Kyrgyzstan",,9.96E+11,,42.64649,77.099568
13098578,The Equestrian Hippodrome,Sports Complexes,Sports Complexes,Issyk Kul Province Cholpon Ata,Issyk Kul ,Cholpon-Ata,,http://worldnomadgames.com/en/places/Hippodrome/#,,,42.64649,77.119224
10224016,Abandoned Airport Cholpon Ata,Points of Interest & LandmarksMysterious Sites,Points of Interest & Landmarks Mysterious Sites,Issyk Kul Province Cholpon Ata,Issyk Kul ,Cholpon-Ata,,,,,,
10031701,Oluya Cholpon Ata Mausoleum,Architectural BuildingsCemeteries,Architectural Buildings Cemeteries,Issyk Kul Province Cholpon Ata,Issyk Kul ,Cholpon-Ata,,http://www.applehostel.kg/en/,,,,
10224000,Abandoned Runway,Points of Interest & LandmarksMysterious Sites,Points of Interest & Landmarks Mysterious Sites,Issyk Kul Province Cholpon Ata,Issyk Kul ,Cholpon-Ata,,,,,,
10229108,Lenin Statue,Monuments & Statues,Monuments & Statues,Issyk Kul Province Cholpon Ata,Issyk Kul ,Cholpon-Ata,"Sovetskaya St., Cholpon Ata 722315 Kyrgyzstan",,,,42.64649,77.084075
17600084,Cholpon Fountain,Fountains,Fountains,Issyk Kul Province Cholpon Ata,Issyk Kul ,Cholpon-Ata,"A363, Cholpon Ata 722315 Kyrgyzstan",,,,,
17469704,Hippodrome Cholpon-Ata,Horse Tracks,Horse Tracks,Issyk Kul Province Cholpon Ata,Issyk Kul ,Cholpon-Ata,"A363, Cholpon Ata 722315 Kyrgyzstan",,,,,
25163894,Termal,Hot Springs & Geysers,Hot Springs & Geysers,Issyk Kul Province Cholpon Ata,Issyk Kul ,Cholpon-Ata,"Alleya Aitmatova 6a/1, Cholpon Ata 722315 Kyrgyzstan",,9.97E+11,ovoazim@gmail.com,42.646781,77.095005
17599963,Veterans Monument,Monuments & Statues,Monuments & Statues,Issyk Kul Province Cholpon Ata,Issyk Kul ,Cholpon-Ata,"A363, Cholpon Ata 722315 Kyrgyzstan",,,,,
24928967,Termal Spa Center,Thermal Spas,Thermal Spas,Issyk Kul Province Cholpon Ata,Issyk Kul ,Cholpon-Ata,"Alleya Aitmatova, 6a/1, Cholpon Ata 722315 Kyrgyzstan",,9.97E+11,aikamusiconly@gmail.com,42.646421,77.089227
12547697,Territoriya SPA,Spas,Spas,Issyk Kul Province Cholpon Ata,Issyk Kul ,Cholpon-Ata,"Leisure Center Ak-Maral Village Bayet, Cholpon Ata 722315 Kyrgyzstan",http://www.spa.kg/,9.96E+11,spa@elcat.kg,42.628292,77.013445
8059960,Hot springs,Thermal Spas,Thermal Spas,Issyk Kul Province Chon-Uryukty,Issyk Kul ,Uryukty,,,,,,
13388773,Keremet Suu Hot Spring,Thermal Spas,Thermal Spas,Issyk Kul Province Chon-Uryukty,Issyk Kul ,Uryukty,"Akademiya, 25, Chon-Uryukty 722360 Kyrgyzstan",,,,,
9996607,Engilchek Glacier,MountainsNature & Wildlife Areas,Mountains Nature & Wildlife Areas Geologic Formations,Issyk Kul Province Engilchek,Issyk Kul ,Engilchek,,http://www.ecotrek.kg/,9.97E+11,,,
8404242,Grigorevskoye Canyon,Forests,Forests,Issyk Kul Province Grigoryevka,Issyk Kul ,Grigoryevka,,,,,,
10224023,Abandoned Pension Utyos,Points of Interest & LandmarksMysterious Sites,Points of Interest & Landmarks Mysterious Sites,Issyk Kul Province Kaji-Say,Issyk Kul ,Kaji-Say,,,,,,
10228913,Tyoploye Lake,Bodies of Water,Bodies of Water,Issyk Kul Province Kaji-Say,Issyk Kul ,Kaji-Say,,,,,,
19436423,Shygaev Museum of Modern Art,Art Museums,Art Museums,Issyk Kul Province Kaji-Say,Issyk Kul ,Kaji-Say,"Issyk-Kulskaya St., 34A, Kaji-Say 722304 Kyrgyzstan",http://www.facebook.com/shygaevmuseum,9.97E+11,shygaevmuseum@gmail.com,,
10228904,Lenin Statue,Monuments & Statues,Monuments & Statues,Issyk Kul Province Kaji-Say,Issyk Kul ,Kaji-Say,,,,,,
10091505,Manjyly-Ata Valley,Valleys,Valleys,Issyk Kul Province Kaji-Say,Issyk Kul ,Kaji-Say,,,,,,
13294456,Kadzhi-Saz Gorge,Canyons,Canyons,Issyk Kul Province Kaji-Say,Issyk Kul ,Kaji-Say,,,,,,
1060132,Issyk-Kul Lake,Bodies of Water,Bodies of Water,Issyk Kul Province Karakol,Issyk Kul ,Karakol,"Tian Shan Mountains, Karakol 722360 Kyrgyzstan",,,,42.443169,78.430655
2709342,Altyn Arashan,Hot Springs & Geysers,Hot Springs & Geysers,Issyk Kul Province Karakol,Issyk Kul ,Karakol,,,9.97E+11,,42.346957,78.574065
8791818,Ala Kul Lake,Bodies of Water,Bodies of Water,Issyk Kul Province Karakol,Issyk Kul ,Karakol,,http://tourtapp.com/destinations/ala-kul-lake/,9.97E+11,info@tourtapp.com,42.37472,78.61
5529525,Holy Trinity Russian Orthodox Cathederal,Churches & Cathedrals,Churches & Cathedrals,Issyk Kul Province Karakol,Issyk Kul ,Karakol,"Holy Trinity Russian Orthodox Cathederal, Karakol 722360 Kyrgyzstan",,,,42.485223,78.391378
736889,Karakol Ski Base,Ski & Snowboard Areas,Ski & Snowboard Areas,Issyk Kul Province Karakol,Issyk Kul ,Karakol,,http://www.ski-karakol.com/,9.97E+11,,42.414671,78.411884
4221145,Nikolai Przhevalsky Museum,Speciality Museums,Speciality Museums,Issyk Kul Province Karakol,Issyk Kul ,Karakol,"Ak-Su, Karakol 722360 Kyrgyzstan",http://www.ecotrek.kg/,9.97E+11,,42.573498,78.307578
5999969,Dungan Mosque,Points of Interest & Landmarks,Points of Interest & Landmarks,Issyk Kul Province Karakol,Issyk Kul ,Karakol,,http://hikingkyrgyzstan.com/blog-about-kyrgyzstan/karakol/,9.97E+11,hikingkyrgzystan@gmail.com,42.485223,78.391378
6834930,Monument N.M. Przhevalsky,Points of Interest & LandmarksMonuments & Statues,Points of Interest & Landmarks Monuments & Statues,Issyk Kul Province Karakol,Issyk Kul ,Karakol,"Dzerzhinsky Street, Karakol 722360 Kyrgyzstan",http://www.ecotrek.kg/,9.97E+11,,42.573117,78.309015
6908490,Karakol Cattle Market,Farmers Markets,Farmers Markets,Issyk Kul Province Karakol,Issyk Kul ,Karakol,,http://www.advantour.com/kyrgyzstan/karakol/karakol-cattle-market.htm,9.97E+11,,,
11933521,Jyrgalan Valley,Ski & Snowboard AreasValleys,Ski & Snowboard Areas Valleys,Issyk Kul Province Karakol,Issyk Kul ,Karakol,,,,,42.604531,79.019198
9996574,Karakol Gorge,MountainsGeologic Formations,Mountains Geologic Formations,Issyk Kul Province Karakol,Issyk Kul ,Province-Karakol,,http://www.facebook.com/Kyrgyzguides,9.97E+11,,,
7597610,Karakol Historical Museum,History Museums,History Museums,Issyk Kul Province Karakol,Issyk Kul ,Province-Karakol,"Gagarin/Jamansariev, Karakol 722360 Kyrgyzstan",http://visitkarakol.com/localhistorymuseum,9.96E+11,,42.485223,78.391378
9996588,Karakol Peak,State ParksMountains,State Parks Mountains,Issyk Kul Province Karakol,Issyk Kul ,Karakol,,http://karakolnaturepark.com/,9.97E+11,,,
7155859,Saimaluu-Tash Reserve Museum,Speciality MuseumsPoints of Interest & Landmarks,Speciality Museums Points of Interest & Landmarks,Issyk Kul Province Karakol,Issyk Kul ,Karakol,"Nordbredden Pa Issyk-Kul Soen, Karakol 722360 Kyrgyzstan",http://www.advantour.com/kyrgyzstan/museums/saimaluu-tash.htm,,,,
10021276,Juuku Gorge,MountainsNature & Wildlife Areas,Mountains Nature & Wildlife Areas Canyons Geologic Formations,Issyk Kul Province Karakol,Issyk Kul ,Karakol,,http://www.ecotrek.kg/,9.97E+11,,,
7602031,Karakol Tourist Information Center,Visitor Centers,Visitor Centers,Issyk Kul Province Karakol,Issyk Kul ,Karakol,"Abdrahmanov St 130, Karakol 722360 Kyrgyzstan",https://www.facebook.com/Tourist-Information-Center-in-Karakol-1123711857671978/?ref=page_internal,9.97E+11,,,
7393405,Bugu-Ene Zoo,Zoos,Zoos,Issyk Kul Province Karakol,Issyk Kul ,Karakol,"Koenkozov/Parkovaya St., Karakol 722360 Kyrgyzstan",http://www.ecotrek.kg/,9.97E+11,,,
9996561,Khan Tengri Peak,Mountains,Mountains,Issyk Kul Province Karakol,Issyk Kul ,Karakol,,,,,,
10084870,Oguz-Bashi Peak,Geologic Formations,Geologic Formations,Issyk Kul Province Karakol,Issyk Kul ,Karakol,,,,,,
12474845,Destination Karakol Visitor Center,Visitor Centers,Visitor Centers,Issyk Kul Province Karakol,Issyk Kul ,Karakol,"22 Gagarin St Situated next to Fat Cat Coffee, Karakol 722360 Kyrgyzstan",https://destinationkarakol.com/about/services/,9.97E+11,info@destinationkarakol.com,42.486534,78.391378
10209155,Karkara Valley,MountainsNature & Wildlife Areas,Mountains Nature & Wildlife Areas Valleys,Issyk Kul Province Karakol,Issyk Kul ,Karakol,,,,,,
10024241,Przewalski Peak,MountainsNature & Wildlife Areas,Mountains Nature & Wildlife Areas Geologic Formations,Issyk Kul Province Karakol,Issyk Kul ,Karakol,,http://www.ecotrek.kg/,9.97E+11,,,
8066338,Children Park Balakai,Playgrounds,Playgrounds,Issyk Kul Province Karakol,Issyk Kul ,Karakol,,https://www.facebook.com/pages/%D0%94%D0%B5%D1%82%D1%81%D0%BA%D0%B8%D0%B9-%D0%9F%D0%B0%D1%80%D0%BA-%D0%91%D0%B0%D0%BB%D0%B0%D0%BA%D0%B0%D0%B9/1480074908912578?sk=timeline,9.97E+11,,,
11897942,Antique Shop of Aleksandr Korablev,Antique Shops,Antique Shops,Issyk Kul Province Karakol,Issyk Kul ,Province-Karakol,"Jamansariev Street Corner of Toktogul & Jamansariev, Karakol 722360 Kyrgyzstan",http://visitkarakol.com/antique_shop_karakol,9.97E+11,,,
12501259,Karakol Meeting Point,Visitor Centers,Visitor Centers,Issyk Kul Province Karakol,Issyk Kul ,Province-Karakol,"86 Jusaev Street Karasaev St., Karakol 722200 Kyrgyzstan",http://duetkarakol.wordpress.com/meeting-point/,9.97E+11,duetkarakol@gmail.com,42.484449,78.391378
10516482,Sary-Jaz Valley,MountainsNature & Wildlife Areas,Mountains Nature & Wildlife Areas Valleys,Issyk Kul Province Karakol,Issyk Kul ,Province-Karakol,,http://visitkarakol.com/sary_jaz,9.97E+11,,,
10324956,Boris Yeltsin Peak,Mountains,Mountains,Issyk Kul Province Karakol,Issyk Kul ,Karakol,,,,,,
10064765,Merzbacher Lake,Bodies of Water,Bodies of Water,Issyk Kul Province Karakol,Issyk Kul ,Karakol,,,,,,
10024209,Djigit Peak,MountainsNature & Wildlife Areas,Mountains Nature & Wildlife Areas Geologic Formations,Issyk Kul Province Karakol,Issyk Kul ,Karakol,,http://www.ecotrek.kg/,9.97E+11,,,
9996631,Telety Pass,MountainsNature & Wildlife Areas,Mountains Nature & Wildlife Areas Geologic Formations,Issyk Kul Province Karakol,Issyk Kul ,Karakol,,http://www.ecotrek.kg/,9.97E+11,,,
13094936,River Park,Parks,Parks,Issyk Kul Province Karakol,Issyk Kul ,Karakol,"195 Shapak Baatyr, Karakol 722360 Kyrgyzstan",http://www.destinationkarakol.com/,,,,
15042333,Park Pobedy,Parks,Parks,Issyk Kul Province Karakol,Issyk Kul ,Karakol,,,,,,
9996660,Jengish Peak,MountainsNature & Wildlife Areas,Mountains Nature & Wildlife Areas Geologic Formations,Issyk Kul Province Karakol,Issyk Kul ,Karakol,,http://www.ecotrek.kg/,9.97E+11,,,
15042323,Lenin Statue,Points of Interest & LandmarksMonuments & Statues,Points of Interest & Landmarks Monuments & Statues,Issyk Kul Province Karakol,Issyk Kul ,Karakol,"Tynystanova St., Karakol 722360 Kyrgyzstan",,,,,
10236655,Tolgonai Ene Handcraft Workshop,Speciality Museums,Speciality Museums,Issyk Kul Province Karakol,Issyk Kul ,Karakol,"Lenina St., 150, Karakol 722360 Kyrgyzstan",,9.97E+11,,,
14994464,The Monument of Aryk Myrza,Monuments & Statues,Monuments & Statues,Issyk Kul Province Karakol,Issyk Kul ,Karakol,"Tsentralny Skver, Karakol 722360 Kyrgyzstan",,,,,
15042355,Monument to Tagai-Biy,Points of Interest & LandmarksMonuments & Statues,Points of Interest & Landmarks Monuments & Statues,Issyk Kul Province Karakol,Issyk Kul ,Karakol,,,,,,
8805474,Issyk Kul Brand Shop,Speciality & Gift Shops,Speciality & Gift Shops,Issyk Kul Province Karakol,Issyk Kul ,Province-Karakol,"Toktogula, Karakol 722360 Kyrgyzstan",http://www.facebook.com/One-Village-One-Product-Issyk-kul-236219876529319,9.96E+11,,,
15042493,Pushkin Park,Parks,Parks,Issyk Kul Province Karakol,Issyk Kul ,Karakol,,,,,,
15042315,Tsentralny Skver,Parks,Parks,Issyk Kul Province Karakol,Issyk Kul ,Karakol,,,,,,
23839711,The Hut,Bars & Clubs,Bars & Clubs,Issyk Kul Province Karakol,Issyk Kul ,Province-Karakol,,http://instagram.com/the_hut_karakol?utm_medium=copy_link,9.97E+11,,42.484449,78.391378
17562257,Karakol Big Bazaar,Farmers Markets,Farmers Markets,Issyk Kul Province Karakol,Issyk Kul ,Karakol,"Corner of Torgoev and Aldashev Streets, Karakol 722360 Kyrgyzstan",,,,,
17562255,Small Bazaar,Farmers Markets,Farmers Markets,Issyk Kul Province Karakol,Issyk Kul ,Karakol,"Corner of Alybakov & Gagarin Streets, Karakol 722360 Kyrgyzstan",,,,,
17604359,Massage Karakol Tatiana,Spas,Spas,Issyk Kul Province Karakol,Issyk Kul ,Karakol,"Koenkozova/ Jamansarieva, Karakol 722200 Kyrgyzstan",https://massagekarakol.business.site/,9.97E+11,,42.484449,78.391378
17539793,Issyk-Kul Kayaking,Kayaking & Canoeing,Kayaking & Canoeing,Issyk Kul Province Karakol,Issyk Kul ,Karakol,,,,,,
10105957,Sky Trial,Parasailing & Paragliding,Parasailing & Paragliding,Issyk Kul Province Karakol,Issyk Kul ,Karakol,,,,,,
10021290,Jyrgalan Hot Spring,SpasThermal Spas,Spas Thermal Spas,Issyk Kul Province Karakol,Issyk Kul ,Karakol,,,,,,
16816548,Duet SPA & Salon,Spas,Spas,Issyk Kul Province Karakol,Issyk Kul ,Province-Karakol,"150 Karasaeva Street Jusaev Street, Karakol 722200 Kyrgyzstan",http://www.facebook.com/duetspasalon/,9.97E+11,duetspasalon@gmail.com,42.484449,78.391378
17540227,Urban Monkey,Bars & Clubs,Bars & Clubs,Issyk Kul Province Karakol,Issyk Kul ,Karakol,"Kydyr Ake, 4 Urban Monkey Tent Hostel &bar, Karakol 722360 Kyrgyzstan",http://hostelinkarakol.com/,9.97E+11,,,
7787967,Zum Depart,Speciality & Gift ShopsDepartment Stores,Speciality & Gift Shops Department Stores Shopping Malls,Issyk Kul Province Karakol,Issyk Kul ,Karakol,"Toktogula St., Karakol 722360 Kyrgyzstan",,,,,
10021304,Saruu Hot Spring,SpasThermal Spas,Spas Thermal Spas,Issyk Kul Province Karakol,Issyk Kul ,Karakol,,,9.96E+11,,,
11911195,Time for Travel,Bus Services,Bus Services,Issyk Kul Province Karakol,Issyk Kul ,Karakol,,http://www.ecotrek.kg/index.php/en/,9.97E+11,vbn_nbv@mail.ru,,
17708724,Aibek Omurbek uulu,Escape GamesTaxis & Shuttles,Escape Games Taxis & Shuttles Bike Tours Hiking & Camping Tours Food Tours Horseback Riding Tours Day Trips,Issyk Kul Province Karakol,Issyk Kul ,Karakol,,,,,,
23309574,Lake Zhashyl Kol,Bodies of Water,Bodies of Water,Issyk Kul Province Karakol,Issyk Kul ,Karakol,"Karakol gorge, Karakol 722360 Kyrgyzstan",,,,42.447042,78.3848
6628585,Radon Springs Djuuku,Bodies of Water,Bodies of Water,Issyk Kul Province Saruu,Issyk Kul ,Saruu,,http://triptokyrgyzstan.com/ru/destinations/places/goryachie-istochniki-dzhuuku#.U3OFIigZKRM,,,,
14971363,Suttu Bulak,Bodies of Water,Bodies of Water,Issyk Kul Province Semenovka,Issyk Kul ,Semenovka,,,,,,
8066189,Temple of the Holy Great Martyr Demetrios,Churches & Cathedrals,Churches & Cathedrals,Issyk Kul Province Teploklyuchenka,Issyk Kul ,Teplokyuchenko,"Lenina St., 95, Teploklyuchenka 722347 Kyrgyzstan",http://www.eparchia.kg/hramy/36,9.97E+11,,,
7020995,Canyon Fairy Tale,Canyons,Canyons,Issyk Kul Province Tosor,Issyk Kul ,Province-Tosor,,http://www.facebook.com/Pegasadventure/,9.97E+11,,42.162282,77.347672
12899912,Canyon Skazka,Geologic Formations,Geologic Formations,Issyk Kul Province Tosor,Issyk Kul ,Tosor,,,,,42.162257,77.348095
10325110,Tosor Pass,MountainsCanyons,Mountains Canyons Valleys,Issyk Kul Province Tosor,Issyk Kul ,Tosor,,,,,,
8504342,Sary Chelek Biosphere Reserve,National Parks,National Parks,Jalal-Abad Province,Jalal-Abad,Province,,,,,,
6433871,Saimaluu Tash,National Parks,National Parks,Jalal-Abad Province,Jalal-Abad,Jalal-Abad,,http://whc.unesco.org/en/tentativelists/1512/,,,,
10113022,Kara-Suu Lake,Bodies of WaterMountains,Bodies of Water Mountains Nature & Wildlife Areas Canyons Geologic Formations,Jalal-Abad Province,Jalal-Abad,Province,,,,,,
10084882,Arslanbob Walnut Forest,National ParksNature & Wildlife Areas,National Parks Nature & Wildlife Areas Forests,Jalal-Abad Province Arslanbob,Jalal-Abad,Arslanbob,,,,,,
10089052,Arslanbob Waterfalls,Bodies of WaterNature & Wildlife Areas,Bodies of Water Nature & Wildlife Areas Waterfalls,Jalal-Abad Province Arslanbob,Jalal-Abad,Arslanbob,,http://www.cbtkyrgyzstan.kg/en/cbt-groups/cbt-arstanbap,9.97E+11,,,
10091476,Holy Rock,MountainsNational Parks,Mountains National Parks Canyons Forests Geologic Formations,Jalal-Abad Province Arslanbob,Jalal-Abad,Arslanbob,,http://www.cbtkyrgyzstan.kg/en/cbt-groups/cbt-arstanbap,9.97E+11,,,
10209139,Padysh-Ata Reserve,State ParksNational Parks,State Parks National Parks Nature & Wildlife Areas,Jalal-Abad Province Jalal-Abad,Jalal-Abad,Jalal-Abad,,,,,,
10112277,Shah-Fazil,Religious Sites,Religious Sites,Jalal-Abad Province Safed-Bulan,Jalal-Abad,Bulan,,,,,,
7912835,Toktogul Lake,Bodies of Water,Bodies of Water,Jalal-Abad Province Toktogul,Jalal-Abad,Toktogul,,,,,,
10205989,Chichkan Gorge,MountainsCanyons,Mountains Canyons Geologic Formations,Jalal-Abad Province Toktogul,Jalal-Abad,Toktogul,,,,,,
14000902,Ak-Tash Ski Resort,Ski & Snowboard Areas,Ski & Snowboard Areas,Kashka Suu,Chuy,Kashka-Suu,,http://aktash.kg/,9.97E+11,ak-tash@inbox.ru,,
2701597,Song Kol Lake,Bodies of Water,Bodies of Water,Naryn Province,Naryn,Province,"Song Kol lake pionerskaya 20, Kochkor, 722600 Kyrgyzstan",,,Pegasadventure@gmail.com,42.20082,75.765575
459861,Son Kul Lake,Bodies of Water,Bodies of Water,Naryn Province,Naryn,Province,"Kyrgyzstan, Kyrgyzstan, 720000 Kyrgyzstan",,,,,
459862,Tash Rabat,Valleys,Valleys,Naryn Province,Naryn,Naryn-Province,,http://www.facebook.com/Pegasadventure/,9.97E+11,,,
10063840,Shyrdakbek Korgon,Ancient RuinsPoints of Interest & Landmarks,Ancient Ruins Points of Interest & Landmarks,Naryn Province,Naryn,Province,,,,,,
8756348,Kol Suu,Bodies of Water,Bodies of Water,Naryn Province At-Bashi,Naryn,At-Bashi,,http://www.facebook.com/Pegasadventure/,9.97E+11,,40.63896,76.40482
8408187,Chatyr-Kul Lake,Bodies of WaterBeaches,Bodies of Water Beaches,Naryn Province At-Bashi,Naryn,Bashi,,,,,,
10021352,Shar Waterfall,Waterfalls,Waterfalls,Naryn Province At-Bashi,Naryn,Bashi,,,,,,
8791689,Kashka Suu,Geologic Formations,Geologic Formations,Naryn Province At-Bashi,Naryn,Bashi,,,,,,
10168566,Koshoy Korgon,Ancient RuinsPoints of Interest & Landmarks,Ancient Ruins Points of Interest & Landmarks Nature & Wildlife Areas,Naryn Province Kara-Suu,Naryn,Suu,,,,,,
9996546,Kol-Ukok Lake,Bodies of Water,Bodies of Water,Naryn Province Kochkor,Naryn,Kochkor,"Kyrgyzstan, Kochkor Kol ukok, Kochkor 722500 Kyrgyzstan",,9.97E+11,azizovmaxi@gmail.com,,
10357610,Orto-Tokoy Water Reservoir,Bodies of Water,Bodies of Water,Naryn Province Kochkor,Naryn,Kochkor,,http://kyrgyznature.com/,9.97E+11,,,
10239217,Kyzart Pass,Scenic Drives,Scenic Drives,Naryn Province Kochkor,Naryn,Kochkor,,,,,42.201778,75.76652
10239307,Dolon Pass,Scenic Drives,Scenic Drives,Naryn Province Kochkor,Naryn,Kochkor,,,,,,
10224561,Jailoo Sarala-Saz,MountainsNature & Wildlife Areas,Mountains Nature & Wildlife Areas,Naryn Province Kochkor,Naryn,Kochkor,,,,,,
10239316,Altyn Kol,Speciality & Gift Shops,Speciality & Gift Shops,Naryn Province Kochkor,Naryn,Kochkor,"Pionerskaya St., 22 A next door to CBT Kochkor office, Kochkor 722500 Kyrgyzstan",,9.97E+11,altynkol@gmail.com,,
10063829,Cholok Korgon,Ancient RuinsPoints of Interest & Landmarks,Ancient Ruins Points of Interest & Landmarks,Naryn Province Konorchok,Naryn,Konorchok,,,,,,
17690462,Museum of Kozhomkul,Speciality Museums,Speciality Museums,Naryn Province Kyzyloy,Naryn,Kyzyl-oi,,,,,,
12876326,Kel-Suu Lake,Bodies of Water,Bodies of Water,Naryn Province Naryn,Naryn,Province-Naryn,,http://m.facebook.com/Pegasadventure/,9.97E+11,,40.70197,76.39013
6882292,National Park Salkyn-Tor,National ParksParks,National Parks Parks,Naryn Province Naryn,Naryn,Naryn,,http://triptokyrgyzstan.com/en/destinations/places/national-park-salkyn-tor,,,,
10091968,Kok-Kiya Valley,Valleys,Valleys,Naryn Province Naryn,Naryn,Naryn,,,,,,
10091978,Moldo-Ashu Pass,Mountains,Mountains,Naryn Province Naryn,Naryn,Naryn,,,,,,
6881749,Blue Mosque,Points of Interest & LandmarksArchitectural Buildings,Points of Interest & Landmarks Architectural Buildings Religious Sites,Naryn Province Naryn,Naryn,Naryn,"1200 Lenin St, Naryn 722600 Kyrgyzstan",http://everythingturkic.tumblr.com/post/64415800832/mosque-in-naryn-kyrgyzstan,,,,
10021326,Eki-Naryn Valley,Hiking TrailsValleys,Hiking Trails Valleys,Naryn Province Naryn,Naryn,Naryn,,,,,,
10091805,Kara-Keche Pass,Biking TrailsValleys,Biking Trails Valleys,Naryn Province Naryn,Naryn,Naryn,,,,,,
10021324,Torugart Pass,Mountains,Mountains,Naryn Province Naryn,Naryn,Naryn,,,,,,
10085186,Naryn National Reserve,MountainsNational Parks,Mountains National Parks Nature & Wildlife Areas Forests,Naryn Province Naryn,Naryn,Naryn,,,,,,
10126683,Ala Mischuk,Mountains,Mountains,Naryn Province Naryn,Naryn,Naryn,,,9.97E+11,,,
10089079,.,Nature & Wildlife AreasWaterfalls,Nature & Wildlife Areas Waterfalls,Naryn Province Naryn,Naryn,Naryn,,http://www.facebook.com/Pegasadventure/,9.97E+11,,,
7022968,River Kekemeren,Bodies of Water,Bodies of Water,Naryn Province Naryn,Naryn,Naryn,,,,,,
10239409,Arpa Valley,MountainsNature & Wildlife Areas,Mountains Nature & Wildlife Areas Valleys,Naryn Province Naryn,Naryn,Naryn,,,,,,
10158584,Ala Myshyk Caves,Caverns & Caves,Caverns & Caves,Naryn Province Naryn,Naryn,Naryn,,,,,,
6697330,Mountain Sulaiman-Too,Mountains,Mountains,Osh,Osh,Osh,,,,,40.540166,72.78528
3377828,Lenin Peak,Mountains,Mountains,Osh,Osh,Osh,,,,,,
6697323,Museum Sulaiman Too,History Museums,History Museums,Osh,Osh,Osh,"Mountain Sulaiman Too, Osh 714000 Kyrgyzstan",http://www.facebook.com/Pegasadventure/,9.96E+11,sulaimanto@mail.ru,40.540166,72.78528
8403820,Abshir Ata Falls,Bodies of WaterWaterfalls,Bodies of Water Waterfalls,Osh,Osh,Osh,,http://www.visitalay.kg/,9.96E+11,,,
10206006,Alay Valley,Valleys,Valleys,Osh,Osh,Osh,,,,,,
8286089,Osh New Mosque,Religious Sites,Religious Sites,Osh,Osh,Osh,,http://www.visitalay.kg/,9.96E+11,,40.540166,72.78528
15036886,Lenin Monument,Points of Interest & LandmarksMonuments & Statues,Points of Interest & Landmarks Monuments & Statues,Osh,Osh,Osh,"Lenin Ave, Osh 714000 Kyrgyzstan",,,,40.531855,72.786448
10801308,Kyrgyz Ata National Park,MountainsNature & Wildlife Areas,Mountains Nature & Wildlife Areas Hiking Trails,Osh,Osh,Osh,"Nootkat region 40 km from the city of Osh, Osh 714000 Kyrgyzstan",http://www.visitalay.com/,9.97E+11,,,
10196880,Irkeshtam Pass,MountainsPoints of Interest & Landmarks,Mountains Points of Interest & Landmarks Nature & Wildlife Areas,Osh,Osh,Osh,,,,,,
15036895,Russian Orthodox Church,Points of Interest & LandmarksReligious Sites,Points of Interest & Landmarks Religious Sites Churches & Cathedrals,Osh,Osh,Osh,"Kumanjan Datka St., Osh 714000 Kyrgyzstan",,,,,
10832719,Mausoleum of Asaf ibn Burkhiy,Points of Interest & LandmarksReligious Sites,Points of Interest & Landmarks Religious Sites,Osh,Osh,Osh,,,,,40.53989,72.781655
15675538,Alay Mountains,Mountains,Mountains,Osh,Osh,Osh,,,,,,
11909476,Osh Regional Museum of Fine Arts of Sadykov,Art Museums,Art Museums,Osh,Osh,Osh,"Alebastrova St., 31, Osh 714000 Kyrgyzstan",http://www.facebook.com/oshksm/,9.96E+11,,40.540166,72.78528
15036873,Alymbek Datkanyn Aykeli,Points of Interest & LandmarksMonuments & Statues,Points of Interest & Landmarks Monuments & Statues,Osh,Osh,Osh,,,,,40.540166,72.78528
2711666,Jayma Bazaar Osh,Speciality & Gift Shops,Speciality & Gift Shops,Osh,Osh,Osh,"Zainabetdinova, Osh 714000 Kyrgyzstan",,,,40.540166,72.78528
15036982,Manas Statue,Points of Interest & LandmarksMonuments & Statues,Points of Interest & Landmarks Monuments & Statues,Osh,Osh,Osh,,,,,,
10209115,Kulunatin National Reserve,State ParksNational Parks,State Parks National Parks Nature & Wildlife Areas,Osh,Osh,Osh,,,,,,
15036833,Dom Babura Mosque,Historic SitesPoints of Interest & Landmarks,Historic Sites Points of Interest & Landmarks Religious Sites,Osh,Osh,Osh,,,,,,
10832714,Mosque of Ravat Abdullakhan,Points of Interest & LandmarksReligious Sites,Points of Interest & Landmarks Religious Sites Churches & Cathedrals,Osh,Osh,Osh,,,,,,
10205995,Abshir-Say Valley,Nature & Wildlife AreasValleys,Nature & Wildlife Areas Valleys,Osh,Osh,Osh,,http://www.visitalay.kg/#_=_,,,,
10205997,Kozhokelen Valley,MountainsNature & Wildlife Areas,Mountains Nature & Wildlife Areas Valleys,Osh,Osh,Osh,,,,,,
15036978,Kurmanzhan Datka Statue,Points of Interest & LandmarksMonuments & Statues,Points of Interest & Landmarks Monuments & Statues,Osh,Osh,Osh,,,,,,
15036931,Monument to Toktogul Satylganov,Points of Interest & LandmarksMonuments & Statues,Points of Interest & Landmarks Monuments & Statues,Osh,Osh,Osh,"Lenina Ave., Osh 714000 Kyrgyzstan",,,,40.518914,72.795365
15036941,Enenin Koz Zhashy Park,Parks,Parks,Osh,Osh,Osh,"Lenina Ave., Osh 714000 Kyrgyzstan",,,,40.518914,72.795365
12640716,SAIMALUU TASH Art Gallery,Speciality & Gift ShopsArt Galleries,Speciality & Gift Shops Art Galleries,Osh,Osh,Osh,"Kurmanzhan-Datka St., 244, Osh 714000 Kyrgyzstan",http://saimaluutash.kg/,9.97E+11,saimaluu.t@gmail.com,40.540166,72.78528
13959294,Nomad Store,Speciality & Gift Shops,Speciality & Gift Shops,Osh,Osh,Osh,"Bayalinova St., 1 Osh Nuru Hotel, Osh 714000 Kyrgyzstan",http://www.facebook.com/oshnomadstore/,9.97E+11,nomadstore.osh@gmail.com,40.535271,72.78528
14073257,Harley Club,Bars & ClubsKaraoke Bars,Bars & Clubs Karaoke Bars Dance Clubs & Discos,Osh,Osh,Osh,"Shakirova st., 108a, Osh 714000 Kyrgyzstan",http://www.dolcevitaosh.tilda.ws/,9.97E+11,dvita.osh@gmail.com,,
21223119,Quicktransfer - Osh,Taxis & Shuttles,Taxis & Shuttles,Osh,Osh,Osh,"86-90 Paul Street, Osh EC2A 4NE Kyrgyzstan",https://quicktransfer.com/,1347-980-7145,booking@quicktransfer.com,,
10068410,Lake Tulpar-Kol,Bodies of Water,Bodies of Water,Osh Province Sary Mogul,Osh,Sary-Mogul,,,9.97E+11,,,
8514323,Uzgen Archaeological-Architectural Museum Complex,Historic SitesArchitectural Buildings,Historic Sites Architectural Buildings,Osh Province Uzgen,Osh,Uzgen,,,,,,
10091498,Kirov Reservoir,Bodies of WaterNature & Wildlife Areas,Bodies of Water Nature & Wildlife Areas,Talas Province Manas,Talas,Manas,,,,,,
10205982,Gumbez of Manas,Points of Interest & Landmarks,Points of Interest & Landmarks,Talas Province Talas,Talas,Talas,,,,,,
10091481,Besh-Tash Lake,Bodies of WaterNature & Wildlife Areas,Bodies of Water Nature & Wildlife Areas,Talas Province Talas,Talas,Talas,,,,,,
10084867,Manas Peak,MountainsNational Parks,Mountains National Parks Geologic Formations Valleys,Talas Province Talas,Talas,Talas,,,,,,
10209161,Aisha Bibi - Chongkapka Border,MountainsPoints of Interest & Landmarks,Mountains Points of Interest & Landmarks Nature & Wildlife Areas,Talas Province Talas,Talas,Talas,,,,,,
